Metric,Value
Accuracy,0.7560975609756098
Precision,0.7777777777777778
Recall,0.875
F1 Score,0.823529411764706
AUC,0.7514534883720931
